cluster_id	splitr_sequence	splitr_count	splitr_span_pvalue	splitr_pos_pvalue	splitr_min_pvalue	adjacent	altsplice	break_adj_entropy1	break_adj_entropy2	break_adj_entropy_min	breakpoint_homology	breakseqs_estislands_percident	cdna_breakseqs_percident	deletion	est_breakseqs_percident	eversion	exonboundaries	expression1	expression2	gene1	gene2	gene_align_strand1	gene_align_strand2	gene_chromosome1	gene_chromosome2	gene_end1	gene_end2	gene_location1	gene_location2	gene_name1	gene_name2	gene_start1	gene_start2	gene_strand1	gene_strand2	genome_breakseqs_percident	genomic_break_pos1	genomic_break_pos2	genomic_strand1	genomic_strand2	interchromosomal	interrupted_index1	interrupted_index2	inversion	library_name	max_map_count	max_repeat_proportion	mean_map_count	min_map_count	num_multi_map	num_splice_variants	orf	read_through	repeat_proportion1	repeat_proportion2	span_count	span_coverage1	span_coverage2	span_coverage_max	span_coverage_min	splice_score	splicing_index1	splicing_index2	probability
35088	GAACTGACCAGAGCTGATCCCGAGCAGCGTCATGTACCCCTGAGACGCAGGTCAGAATGGAAATGGGCTGCAGACCGGGCAGCTATTGTCAGCCGCTGGAACTGGCTTCAGGCTCATGTTTCTGACTTGGAATATCGAATTCGTCAGCAAACAGACATTTACAAACAGATACGTGCTAATA|AGGTTTCTGTGTGGAGACAGTAGAATATAAAAATAACACCTTCGCTGTCTGGGATGTTGGCAGCCACTTCAAAATCAGACCTCTGTGGCAGCATTTTTTCCAGAACACAAAAGGTGCCAGAAGCCCAGGAAGCACACATCAAGGCTCACTTGCCAGCGG	15	0.446574877808967	0.371213113569641	0.710819568889754	N	N	3.40744620240479	3.46807512488172	3.40744620240479	0	0	0.00293255131964809	N	0.993729135542891	Y	Y	2901	969	ENSG00000120071	ENSG00000185829	+	-	17	17	44302733	44657088	coding	coding	KANSL1	ARL17A	44107282	44594068	-	-	0	44171926	44648235	-	+	N	-	-	N	1004_L1.D443_defuse	4	0.294871794871795	3	2	6	1	N	N	0	0.294871794871795	6	1.22698252852813	1.02908212070101	1.22698252852813	1.02908212070101	4	-	-	0.735506605802373
128589	GGGGGCCCTTCCCCAGGCCAGGCTCAGCCCAGCGGATCTCAGTCTCCGAGCTGGCCATTGGGGCTGGCCTGGGCTTCACCTGGGCCACTTCATCTTCAGGAGACAGAGCTGCTGCCAGGGGCCCCAGAGTCACCGCTGGTTCCTGTCAGCATCGGCCATCCTGCCTGTGCCCTCTGTGTGGTGCTTCCTTCTGACCTTGGGCACCTCCGTCTTCAGTTGC|CCAACCTCATTTTGTGGAAGGGAAAACTGAGGCACTCAGAACTGAATCCAGGCTGGGGATCTAAACTCAGGTCTTCTTACTCCTGGTCTCCAGATCATTCCCACCTTCCAGGACTGAG	3	0.73700108045448	0.864394054758769	0.611724291083595	Y	Y	3.40016547074969	3.50000108636471	3.40016547074969	0	0.991550422478876	0	Y	0.95775211239438	N	N	2934	0	ENSG00000106948	ENSG00000235119	-	+	9	9	117156685	117160783	utr5p	downstream	AKNA	RP11-9M16.2	117096436	117159004	-	-	0	117156685	117159000	+	-	N	-	-	N	1004_L1.D443_defuse	1	0.357142857142857	1	1	0	1	N	Y	0.119815668202765	0.357142857142857	7	1.22698252852813	0.738828189221241	1.22698252852813	0.738828189221241	1	-	-	0.728120390836378
62501	GTAGGATTTACTCAAGCTACATTCAAAATAATCTTTAACATTATCATCAGCCATCACCGTCATCACACTCCTGCTTTTCTTCATTATAGAGGTGGAAAATATCCCCTCTTAGGATGTCTGTTATTCAATGCAGTTTGCTGACACTTTTTAA|TACCTGGTTTTAACTTCATATCGCTGAAAGAGTCACTGAAGAGGTGGGAAAAACCTTCTCGAATCACCAACAATGCCCCTGCTCTATCCCCTGGCAGCAGCAGCCTGGTGCAGACAGTGTTTCTTCGTGCTGGGGAAAGGGATATTTA	21	0.854948416539214	0.767039305138749	0.511373489036362	Y	Y	3.48809356209009	3.75065819442972	3.48809356209009	0	0	0	Y	0.0100675675675677	N	N	5570	0	ENSG00000184588	ENSG00000239319	-	-	1	1	66840259	66227035	utr5p	downstream	PDE4B	Metazoa_SRP	66258197	66226743	+	-	0	66378931	66185479	-	+	N	-	-	N	1004_L1.D443_defuse	1	1	1	1	0	1	N	Y	0	1	12	1.03567880096192	0.943325277309263	1.03567880096192	0.943325277309263	2	-	-	0.838723275326775
119436	TCCTGTCACACTTTTATGCTTCTGAGATGGGCGATAGGAAGGTCTTGACTAAAGGGCTTCAGGACACTAATCCACATAAATGGCAGATCTGATATCAGCATGATTGCTCTGCTTCTCTCTTCACAGTTCT|TATTCCAGGGCTTTCACCTCAGCTTGCCAGGCTGGAGCCAAGGGCCAACGCAGCCGCGCCTTGTTCGCGATGGTAGCTTCCCAGGAGCCCCCTATGGTTCCGGAACGGCGCTGCCGGCCCCATCCTGTTTGCTACCTCCTAAAGCCAAAGG	7	0.99241114134627	0.320104908165569	0.651842621906682	Y	Y	3.31584468262806	3.38656252929588	3.31584468262806	0	0	0	Y	0	N	N	0	1	ENSG00000232549	ENSG00000101981	+	-	X	X	138529835	138645617	downstream	intron	SRD5A1P1	F9	138529050	138612917	+	+	0	138566877	138637530	+	-	N	-	-	N	1004_L1.D443_defuse	1	0	1	1	0	1	N	Y	0	0	7	0.864165114178416	0.87076179443932	0.87076179443932	0.864165114178416	2	-	-	0.859407536090538
200798	GCGCAGGCTGAGCTGCCTCCGCAGTCGAGTGACCAGGCAGAAGGAGAAGGGGAAGAGCCCAGCACATCTGAAGGACAAGGGCCAGGATGCACGAGAGAGGCGGGAGTGTGTCAATGGGCACCAGCTGTTGCAAGGGACCTTCTCCGGCCCCTCCAGCTGCCCCCTGTGTGGCAAACCTTTCTTGAGCTCAG|CCTCGCTCAAGGAGCACCCCCGGGGCACCCTCCTGTCCGATGGCAGCCCGGCCCTGTCCAGGAATGTCGGTATGACGGTCTCTCAGAAAGGGGGTCCCCAGCCAACACCGAGCCCGGCTGGCCCTGGGACGCAACTCGGACCAATCACAGGAGAGATGGATGAAGCCGATTCTGCGTTTTTAAAATTTAAGCAGACAGCTGATGACTCTCTGTCCC	21	0.743789186524472	0.771354159298628	0.846314341766011	Y	Y	3.26936241550807	3.29383981146661	3.26936241550807	0	0.994777230263833	0	Y	0.994777230263833	N	N	464	1051	ENSG00000263264	ENSG00000104880	+	-	19	19	7448271	7537370	coding	coding	CTB-133G6.1	ARHGEF18	7413848	7459999	+	+	0	7448089	7505230	+	-	N	-	-	N	1004_L1.D443_defuse	1	0	1	1	0	1	Y	Y	0	0	18	1.22038584826723	1.44467297713796	1.44467297713796	1.22038584826723	4	-	-	0.93142085999453
63126	CATGGTTGTGTTTTCCTGTGAGACAAGTGCCTCTTCCACCCGAAGAGCATTTAGTGACTTCAAATAGGGTCAGCGGTCCAGGCCTGGTGAAAGAGGGCAGGGAGAGAGACCCTGCTCAGCCACGGGGGATCAGCTCG|GGGGGAAAAAGCCTGCTCGTCACAATGGAAATACATCAAGGCCAAATCTTCTGCTATCCATTCCCAGAGGTTTCTTTCATCTGGATTAAGCCTGCAACTCCAGGGCAAGGCCAAGTGTGTGGCCTCCAGCATCCATGCTCTTCCCATCTACCAGAGCAGACAGGGTGAGCTTCACACCAGGCCTCAGGGGTGGAGTGTAGCTGACCCCAG	11	0.416434754249607	0.80872249380827	0.446115515436655	Y	Y	3.20128492750669	3.43152237077921	3.20128492750669	0	0.99272170484101	0	Y	0	N	N	17639	0	ENSG00000183508	ENSG00000213262	+	+	1	1	118170994	118184261	downstream	downstream	FAM46C	AL365331.2	118148556	118183434	+	-	0	118176936	118183349	+	-	N	-	-	N	1004_L1.D443_defuse	1	0	1	1	0	1	N	Y	0	0	11	0.897148515482936	1.22698252852813	1.22698252852813	0.897148515482936	1	-	-	0.649533508499546
119348	GTGGAGGTGACACAACAATTATTTGCTGGGAGTGAGAGAGGTACTCACATGCTCTTTTCACTTATTGTCCAGAAGAAGAACATCACGATGGAAACATACCTTTCACTGGAGTCATTGAATCTTAACTACTGAATACCTTACCCAAGAAGTCAATGCTGAATGTCATCAACAAAGGCCGCAACAACCATAGCT|TGGCTTATTCTCCTTGAAGGGGAAGATATTCTAGCTTCATGCCTCTGAGGTTCTAGGAGAGATCACAGCCCCACAGCCACTCCTAGAAAA	15	0.987540968797342	0.585529527631384	0.536642688101505	Y	Y	3.59528445727371	3.50272957331379	3.50272957331379	0	0	0	Y	0.0256772673733805	N	N	57	0	ENSG00000122824	ENSG00000229151	+	+	X	X	51080377	51139314	upstream	intron	NUDT10	RP11-348F1.3	51075083	51099796	+	-	0	51072419	51099798	+	-	N	-	-	N	1004_L1.D443_defuse	2	0	1.23076923076923	1	3	1	N	Y	0	0	13	1.26656261009356	0.573911182698643	1.26656261009356	0.573911182698643	3	-	-	0.622649847270827
166216	GGTTTGCATTATATCTGACTGAAGGAATGAACTGGGAGAGAACAGCAGAGCCGCAGCGGAATGTGGAAAGGCCCACGTCCAGACTGTTCCCATTCTG|ATTTAAAAGCCTGATGAAGGAACAGCTGAACTCAGAGAAACAGCAGGTGAAAGTAAATTTTTTATTTATTTTTTCTTCCTTTTGCCAACATTCTGCATCACCTCTTGTTTCTAGCCTCACTTTCATTCCAGCAGCTTCTCGGGTGTGGCTGTGGCTGTGGCTGTCTGGCTTCCCTTCTATTGATACCTCTGGC	9	0.474217249030404	0.161138155243226	0.230482535385469	Y	Y	3.6344911504118	3.33680806132368	3.33680806132368	0	0.989726148722854	0	Y	0	N	N	0	31	ENSG00000259343	ENSG00000188869	+	+	15	15	81654378	81666554	intron	upstream	RP11-761I4.3	TMC3	81616718	81623558	+	-	0	81654377	81672550	+	-	N	-	-	N	1004_L1.D443_defuse	1	0.142857142857143	1	1	0	1	N	Y	0	0.142857142857143	6	0.507944380089603	0.969711998352879	0.969711998352879	0.507944380089603	4	-	-	0.701805351447634
84363	GTTTTACCATGTTGGTCAGGCTGGTCTCAAACTCCTGACCTCGTGATCTGCCCACCTCGGCCTCCCAAAGTGCTGGGATTACAG|GTCTTGAATATAATCATGGCCAAACCTTATGAATTTAACTGGCAGAAGGAAGTTCCCTCCTTTTTGCAAGAAGGAGCAGTTTTTGACAGATACGAGGAGGAATCCTTTGTGTTTGAACCCAACTGCCTCTTCAAAGTGGATGAGTTTGGCTTCTTTCTGACATGGAGAAGTGAAGGCAAGGAAGGACAGGTGCTAGAATGCTC	13	0.660789735299857	0.58063130727645	0.737196567529015	N	Y	3.588962247475	3.49168728493972	3.49168728493972	2	0.822048611111111	0	N	0	N	N	132	912	ENSG00000023909	ENSG00000101333	-	-	1	20	94374966	9461889	utr3p	utr5p	GCLM	PLCB4	94350761	9049410	-	+	0	94353301	9288447	+	-	Y	-	-	N	1004_L1.D443_defuse	16	1	8	5	7	1	N	N	1	0	7	0.40239749591514	1.18740244696271	1.18740244696271	0.40239749591514	4	-	-	0.62603131388839
27225	TGTGTACTCAGTGAACTGGAGAAGACATTTGGCTGGTCACATCTGGAAGCATTGTTCAGCAGGATTAACCTGATGGCCTATCCTGATTTAAACGAGATTTACAGAAGCTTCCAGAATGTATGCTATGAACACTCACCTCTCCAAATGAATAATGTAAACGATTTAGAAGATAGACCCAGATTACTACCATATGGTAAACAAG|GCCCAGAGGCAGAGCTACACAACCATGGAATCCAAATTAATTCCTGTTCTGTGCGACTGGTGGATATAAAAAAGGAAAAGCCATTTTCTAATTCAAAAGTTGAGTGCCAAGCCCAAGC	10	0.800237466631105	0.964170496741366	0.41895931130957	Y	Y	3.35719722089263	3.49424793801946	3.35719722089263	0	0.991551824277945	0	Y	0	N	Y	709	1144	ENSG00000079263	ENSG00000067066	+	-	2	2	231223762	231408805	coding	coding	SP140	SP100	231090445	231280657	+	+	0	231106202	231325977	+	-	N	-	-	N	1004_L1.D443_defuse	1	0	1	1	0	1	Y	Y	0	0	5	0.956518637831071	0.573911182698643	0.956518637831071	0.573911182698643	4	-	-	0.971193925052542
62892	GAAAAACTACAGCTGACATCTGGAGTTCATAGCACCATAAAGGTTATTAAGGCCAAAAAAAAAACATAGAGAAGTAAAAAGGACCAATTCAAGCCAACTGGTCTAAGCAGCATTTAATTGAAGAATATGTGATACAGCCTCTTCAATCAGATT|ATCTAGGGGAAGCTCCAGCTTCTCATCTGCTTGATTTGAGTCCCATGGAGAAGCTCTGATATGTGGTAAGGTGGAAAAATATGACACGGTGCGATCAAGGCATTAGAGGATGAAGCTATTGAAGTGAAAACAAAATTGAAGAGGCAAATTCTTTTGAGCAGAG	3	0.230656135746757	0.328017302664042	0.537686364888759	Y	Y	3.61144805180727	3.40169305405954	3.40169305405954	0	0	0	Y	0	N	N	276	0	ENSG00000163568	ENSG00000265589	+	+	1	1	159116886	159029116	utr3p	downstream	AIM2	AL359753.1	159032274	159029039	-	+	0	159032398	159029749	-	+	N	-	-	N	1004_L1.D443_defuse	1	0	1	1	0	1	N	Y	0	0	6	0.897148515482936	0.936728597048359	0.936728597048359	0.897148515482936	4	-	-	0.926068773227456
